{"script":[{"id":1756110958168,"type":"init","target":"greeting","list_of_response":[{"type":"response","target":"greeting"}],"list_of_store":[],"store_id":[],"target_id":null,"condition_type":null,"condition":null,"nolvl":0,"list_of_next_stap":[{"type":"next_add","label":"next-intents"},{"type":"backward_add","label":"backwards-add"},{"type":"serial_break_add","val":true,"label":"serial-break"},{"type":"serial_break_err_add","label":"serial break fallout"},{"type":"add_condition","label":"add-condition"}],"list_store_id":[]},{"id":1756113161056,"type":"init","target":"bye","list_of_response":[{"type":"response","target":"bye"}],"list_of_store":[],"store_id":[],"target_id":null,"condition_type":null,"condition":null,"nolvl":0,"list_of_next_stap":[{"type":"next_add","label":"next-intents"},{"type":"backward_add","label":"backwards-add"},{"type":"serial_break_add","val":true,"label":"serial-break"},{"type":"serial_break_err_add","label":"serial break fallout"},{"type":"add_condition","label":"add-condition"}],"list_store_id":[]},{"id":1756113236904,"type":"init","target":"introduction","list_of_response":[{"type":"response","target":"introduction"}],"list_of_store":[],"store_id":[],"target_id":null,"condition_type":null,"condition":null,"nolvl":0,"list_of_next_stap":[{"type":"next_add","label":"next-intents"},{"type":"backward_add","label":"backwards-add"},{"type":"serial_break_add","val":true,"label":"serial-break"},{"type":"serial_break_err_add","label":"serial break fallout"},{"type":"add_condition","label":"add-condition"}],"list_store_id":[]},{"id":1756113256512,"type":"init","target":"cache_clear","list_of_response":[{"type":"actions","target":"clear_cac"}],"list_of_store":[],"store_id":[],"target_id":null,"condition_type":null,"condition":null,"nolvl":0,"list_of_next_stap":[{"type":"next_add","label":"next-intents"},{"type":"backward_add","label":"backwards-add"},{"type":"serial_break_add","val":true,"label":"serial-break"},{"type":"serial_break_err_add","label":"serial break fallout"},{"type":"add_condition","label":"add-condition"}],"list_store_id":[]},{"id":1756113271816,"type":"init","target":"get_active_users","list_of_response":[{"type":"actions","target":"get_active_users"}],"list_of_store":[],"store_id":[],"target_id":null,"condition_type":null,"condition":null,"nolvl":0,"list_of_next_stap":[{"type":"next_add","label":"next-intents"},{"type":"backward_add","label":"backwards-add"},{"type":"serial_break_add","val":true,"label":"serial-break"},{"type":"serial_break_err_add","label":"serial break fallout"},{"type":"add_condition","label":"add-condition"}],"list_store_id":[]},{"id":1756113316776,"type":"init","target":"get_my_access_path_list","list_of_response":[{"type":"actions","target":"get_access_path"}],"list_of_store":[],"store_id":[],"target_id":null,"condition_type":null,"condition":null,"nolvl":0,"list_of_next_stap":[{"type":"next_add","label":"next-intents"},{"type":"backward_add","label":"backwards-add"},{"type":"serial_break_add","val":true,"label":"serial-break"},{"type":"serial_break_err_add","label":"serial break fallout"},{"type":"add_condition","label":"add-condition"}],"list_store_id":[]},{"id":1756148806027,"type":"init","target":"account_create_hope","list_of_response":[{"type":"response","target":"account create hope"}],"list_of_store":[{"id":1756149101467,"type":"t_next","target":"info_pass_to_create_account","list_of_response":[{"type":"actions","target":"catchInfoForCreateAccount"}],"list_of_store":[],"store_id":[],"target_id":null,"condition_type":null,"condition":null,"nolvl":1,"list_of_next_stap":[{"type":"next_add","label":"next-intents"},{"type":"backward_add","label":"backwards-add"},{"type":"serial_break_add","val":true,"label":"serial-break"},{"type":"serial_break_err_add","label":"serial break fallout"},{"type":"add_condition","label":"add-condition"}],"list_store_id":[{"id":1756148806027,"target":"account create hope"}]}],"store_id":[],"target_id":null,"condition_type":null,"condition":null,"nolvl":0,"list_of_next_stap":[{"type":"next_add","label":"next-intents"},{"type":"backward_add","label":"backwards-add"},{"type":"serial_break_add","val":false,"label":"serial-break"},{"type":"serial_break_err_add","label":"serial break fallout"},{"type":"add_condition","label":"add-condition"}],"list_store_id":[]}]}