{
  "list_of_intent": [
    {
      "mainsent": "I’m your Home Network assistant, here to help you manage local file transfers and communication.",
      "mapword": [
        "O",
        "O",
        "O",
        "O",
        "O",
        "O",
        "O",
        "O",
        "O",
        "O",
        "O",
        "O",
        "O",
        "O",
        "O"
      ],
      "wordlist": [
        "I’m",
        "your",
        "Home",
        "Network",
        "assistant,",
        "here",
        "to",
        "help",
        "you",
        "manage",
        "local",
        "file",
        "transfers",
        "and",
        "communication."
      ]
    },
    {
      "mainsent": "I’m your digital assistant for the Home Network — helping you connect and share files on your local network.",
      "mapword": [
        "O",
        "O",
        "O",
        "O",
        "O",
        "O",
        "O",
        "O",
        "O",
        "O",
        "O",
        "O",
        "O",
        "O",
        "O",
        "O",
        "O",
        "O",
        "O"
      ],
      "wordlist": [
        "I’m",
        "your",
        "digital",
        "assistant",
        "for",
        "the",
        "Home",
        "Network",
        "—",
        "helping",
        "you",
        "connect",
        "and",
        "share",
        "files",
        "on",
        "your",
        "local",
        "network."
      ]
    },
    {
      "mainsent": "I’m a smart assistant built into Home Network to support your local area networking needs.",
      "mapword": [
        "O",
        "O",
        "O",
        "O",
        "O",
        "O",
        "O",
        "O",
        "O",
        "O",
        "O",
        "O",
        "O",
        "O",
        "O"
      ],
      "wordlist": [
        "I’m",
        "a",
        "smart",
        "assistant",
        "built",
        "into",
        "Home",
        "Network",
        "to",
        "support",
        "your",
        "local",
        "area",
        "networking",
        "needs."
      ]
    },
    {
      "mainsent": "I’m your friendly assistant for Home Network, making file sharing and chatting easy within your LAN.",
      "mapword": [
        "O",
        "O",
        "O",
        "O",
        "O",
        "O",
        "O",
        "O",
        "O",
        "O",
        "O",
        "O",
        "O",
        "O",
        "O",
        "O"
      ],
      "wordlist": [
        "I’m",
        "your",
        "friendly",
        "assistant",
        "for",
        "Home",
        "Network,",
        "making",
        "file",
        "sharing",
        "and",
        "chatting",
        "easy",
        "within",
        "your",
        "LAN."
      ]
    },
    {
      "mainsent": "I’m the Home Network bot — your guide for user access, file transfer, and communication over the local network.",
      "mapword": [
        "O",
        "O",
        "O",
        "O",
        "O",
        "O",
        "O",
        "O",
        "O",
        "O",
        "O",
        "O",
        "O",
        "O",
        "O",
        "O",
        "O",
        "O",
        "O"
      ],
      "wordlist": [
        "I’m",
        "the",
        "Home",
        "Network",
        "bot",
        "—",
        "your",
        "guide",
        "for",
        "user",
        "access,",
        "file",
        "transfer,",
        "and",
        "communication",
        "over",
        "the",
        "local",
        "network."
      ]
    },
    {
      "mainsent": "I’m an assistant designed to help you use Home Network efficiently, from file transfers to chatting.",
      "mapword": [
        "O",
        "O",
        "O",
        "O",
        "O",
        "O",
        "O",
        "O",
        "O",
        "O",
        "O",
        "O",
        "O",
        "O",
        "O",
        "O"
      ],
      "wordlist": [
        "I’m",
        "an",
        "assistant",
        "designed",
        "to",
        "help",
        "you",
        "use",
        "Home",
        "Network",
        "efficiently,",
        "from",
        "file",
        "transfers",
        "to",
        "chatting."
      ]
    },
    {
      "mainsent": "I’m here to assist you with everything related to Home Network — your local network’s digital helper.",
      "mapword": [
        "O",
        "O",
        "O",
        "O",
        "O",
        "O",
        "O",
        "O",
        "O",
        "O",
        "O",
        "O",
        "O",
        "O",
        "O",
        "O",
        "O"
      ],
      "wordlist": [
        "I’m",
        "here",
        "to",
        "assist",
        "you",
        "with",
        "everything",
        "related",
        "to",
        "Home",
        "Network",
        "—",
        "your",
        "local",
        "network’s",
        "digital",
        "helper."
      ]
    },
    {
      "mainsent": "I’m your automated assistant for Home Network, helping you access machines, transfer files, and chat.",
      "mapword": [
        "O",
        "O",
        "O",
        "O",
        "O",
        "O",
        "O",
        "O",
        "O",
        "O",
        "O",
        "O",
        "O",
        "O",
        "O"
      ],
      "wordlist": [
        "I’m",
        "your",
        "automated",
        "assistant",
        "for",
        "Home",
        "Network,",
        "helping",
        "you",
        "access",
        "machines,",
        "transfer",
        "files,",
        "and",
        "chat."
      ]
    },
    {
      "mainsent": "I’m your Home Network support bot — ready to help with managing users and network communication.",
      "mapword": [
        "O",
        "O",
        "O",
        "O",
        "O",
        "O",
        "O",
        "O",
        "O",
        "O",
        "O",
        "O",
        "O",
        "O",
        "O",
        "O"
      ],
      "wordlist": [
        "I’m",
        "your",
        "Home",
        "Network",
        "support",
        "bot",
        "—",
        "ready",
        "to",
        "help",
        "with",
        "managing",
        "users",
        "and",
        "network",
        "communication."
      ]
    },
    {
      "mainsent": "I’m a virtual assistant working behind the scenes to make your Home Network experience smooth and easy.",
      "mapword": [
        "O",
        "O",
        "O",
        "O",
        "O",
        "O",
        "O",
        "O",
        "O",
        "O",
        "O",
        "O",
        "O",
        "O",
        "O",
        "O",
        "O"
      ],
      "wordlist": [
        "I’m",
        "a",
        "virtual",
        "assistant",
        "working",
        "behind",
        "the",
        "scenes",
        "to",
        "make",
        "your",
        "Home",
        "Network",
        "experience",
        "smooth",
        "and",
        "easy."
      ]
    },
    {
      "mainsent": "I’m the digital assistant of Home Network — your partner for local network access and communication.",
      "mapword": [
        "O",
        "O",
        "O",
        "O",
        "O",
        "O",
        "O",
        "O",
        "O",
        "O",
        "O",
        "O",
        "O",
        "O",
        "O",
        "O"
      ],
      "wordlist": [
        "I’m",
        "the",
        "digital",
        "assistant",
        "of",
        "Home",
        "Network",
        "—",
        "your",
        "partner",
        "for",
        "local",
        "network",
        "access",
        "and",
        "communication."
      ]
    },
    {
      "mainsent": "I’m an AI assistant built to simplify your Home Network tasks like file sharing and chatting.",
      "mapword": [
        "O",
        "O",
        "O",
        "O",
        "O",
        "O",
        "O",
        "O",
        "O",
        "O",
        "O",
        "O",
        "O",
        "O",
        "O",
        "O"
      ],
      "wordlist": [
        "I’m",
        "an",
        "AI",
        "assistant",
        "built",
        "to",
        "simplify",
        "your",
        "Home",
        "Network",
        "tasks",
        "like",
        "file",
        "sharing",
        "and",
        "chatting."
      ]
    },
    {
      "mainsent": "I’m your Home Network companion, designed to facilitate local file transfers and user communication.",
      "mapword": [
        "O",
        "O",
        "O",
        "O",
        "O",
        "O",
        "O",
        "O",
        "O",
        "O",
        "O",
        "O",
        "O",
        "O"
      ],
      "wordlist": [
        "I’m",
        "your",
        "Home",
        "Network",
        "companion,",
        "designed",
        "to",
        "facilitate",
        "local",
        "file",
        "transfers",
        "and",
        "user",
        "communication."
      ]
    },
    {
      "mainsent": "I’m a bot created for Home Network to help users connect, chat, and share files on the LAN.",
      "mapword": [
        "O",
        "O",
        "O",
        "O",
        "O",
        "O",
        "O",
        "O",
        "O",
        "O",
        "O",
        "O",
        "O",
        "O",
        "O",
        "O",
        "O",
        "O"
      ],
      "wordlist": [
        "I’m",
        "a",
        "bot",
        "created",
        "for",
        "Home",
        "Network",
        "to",
        "help",
        "users",
        "connect,",
        "chat,",
        "and",
        "share",
        "files",
        "on",
        "the",
        "LAN."
      ]
    },
    {
      "mainsent": "I’m your local network assistant, built to manage user access and file transfers in Home Network.",
      "mapword": [
        "O",
        "O",
        "O",
        "O",
        "O",
        "O",
        "O",
        "O",
        "O",
        "O",
        "O",
        "O",
        "O",
        "O",
        "O",
        "O"
      ],
      "wordlist": [
        "I’m",
        "your",
        "local",
        "network",
        "assistant,",
        "built",
        "to",
        "manage",
        "user",
        "access",
        "and",
        "file",
        "transfers",
        "in",
        "Home",
        "Network."
      ]
    },
    {
      "mainsent": "I’m the Home Network helper bot — your digital asset for managing network communications.",
      "mapword": [
        "O",
        "O",
        "O",
        "O",
        "O",
        "O",
        "O",
        "O",
        "O",
        "O",
        "O",
        "O",
        "O",
        "O"
      ],
      "wordlist": [
        "I’m",
        "the",
        "Home",
        "Network",
        "helper",
        "bot",
        "—",
        "your",
        "digital",
        "asset",
        "for",
        "managing",
        "network",
        "communications."
      ]
    },
    {
      "mainsent": "I’m your assistant in Home Network, here to make your local network experience seamless.",
      "mapword": [
        "O",
        "O",
        "O",
        "O",
        "O",
        "O",
        "O",
        "O",
        "O",
        "O",
        "O",
        "O",
        "O",
        "O"
      ],
      "wordlist": [
        "I’m",
        "your",
        "assistant",
        "in",
        "Home",
        "Network,",
        "here",
        "to",
        "make",
        "your",
        "local",
        "network",
        "experience",
        "seamless."
      ]
    },
    {
      "mainsent": "I’m the virtual guide for Home Network, helping you navigate user accounts and file sharing.",
      "mapword": [
        "O",
        "O",
        "O",
        "O",
        "O",
        "O",
        "O",
        "O",
        "O",
        "O",
        "O",
        "O",
        "O",
        "O",
        "O"
      ],
      "wordlist": [
        "I’m",
        "the",
        "virtual",
        "guide",
        "for",
        "Home",
        "Network,",
        "helping",
        "you",
        "navigate",
        "user",
        "accounts",
        "and",
        "file",
        "sharing."
      ]
    },
    {
      "mainsent": "I’m your Home Network bot, dedicated to assisting you with local network communication and access.",
      "mapword": [
        "O",
        "O",
        "O",
        "O",
        "O",
        "O",
        "O",
        "O",
        "O",
        "O",
        "O",
        "O",
        "O",
        "O",
        "O"
      ],
      "wordlist": [
        "I’m",
        "your",
        "Home",
        "Network",
        "bot,",
        "dedicated",
        "to",
        "assisting",
        "you",
        "with",
        "local",
        "network",
        "communication",
        "and",
        "access."
      ]
    },
    {
      "mainsent": "I’m an AI-powered assistant built into Home Network, ready to help you with file transfers and chats.",
      "mapword": [
        "O",
        "O",
        "O",
        "O",
        "O",
        "O",
        "O",
        "O",
        "O",
        "O",
        "O",
        "O",
        "O",
        "O",
        "O",
        "O",
        "O"
      ],
      "wordlist": [
        "I’m",
        "an",
        "AI-powered",
        "assistant",
        "built",
        "into",
        "Home",
        "Network,",
        "ready",
        "to",
        "help",
        "you",
        "with",
        "file",
        "transfers",
        "and",
        "chats."
      ]
    }
  ]
}