{
  "list_of_intent": [
    {
      "mainsent": "I’m not sure what you mean, but I’m trying my best!",
      "mapword": [
        "O",
        "O",
        "O",
        "O",
        "O",
        "O",
        "O",
        "O",
        "O",
        "O",
        "O"
      ],
      "wordlist": [
        "I’m",
        "not",
        "sure",
        "what",
        "you",
        "mean,",
        "but",
        "I’m",
        "trying",
        "my",
        "best!"
      ]
    },
    {
      "mainsent": "Hmm… my circuits are confused.",
      "mapword": [
        "O",
        "O",
        "O",
        "O",
        "O"
      ],
      "wordlist": [
        "Hmm…",
        "my",
        "circuits",
        "are",
        "confused."
      ]
    },
    {
      "mainsent": "I’m still learning human language, bear with me!",
      "mapword": [
        "O",
        "O",
        "O",
        "O",
        "O",
        "O",
        "O",
        "O"
      ],
      "wordlist": [
        "I’m",
        "still",
        "learning",
        "human",
        "language,",
        "bear",
        "with",
        "me!"
      ]
    },
    {
      "mainsent": "I think I left my thinking cap somewhere…",
      "mapword": [
        "O",
        "O",
        "O",
        "O",
        "O",
        "O",
        "O",
        "O"
      ],
      "wordlist": [
        "I",
        "think",
        "I",
        "left",
        "my",
        "thinking",
        "cap",
        "somewhere…"
      ]
    },
    {
      "mainsent": "Oops! My brain just hit a wall.",
      "mapword": [
        "O",
        "O",
        "O",
        "O",
        "O",
        "O",
        "O"
      ],
      "wordlist": [
        "Oops!",
        "My",
        "brain",
        "just",
        "hit",
        "a",
        "wall."
      ]
    },
    {
      "mainsent": "I’m still learning, can you try saying that differently?",
      "mapword": [
        "O",
        "O",
        "O",
        "O",
        "O",
        "O",
        "O",
        "O",
        "O"
      ],
      "wordlist": [
        "I’m",
        "still",
        "learning,",
        "can",
        "you",
        "try",
        "saying",
        "that",
        "differently?"
      ]
    },
    {
      "mainsent": "Hmm… that’s a bit confusing for me.",
      "mapword": [
        "O",
        "O",
        "O",
        "O",
        "O",
        "O",
        "O"
      ],
      "wordlist": [
        "Hmm…",
        "that’s",
        "a",
        "bit",
        "confusing",
        "for",
        "me."
      ]
    },
    {
      "mainsent": "I’m not sure I understand. Could you rephrase?",
      "mapword": [
        "O",
        "O",
        "O",
        "O",
        "O",
        "O",
        "O",
        "O"
      ],
      "wordlist": [
        "I’m",
        "not",
        "sure",
        "I",
        "understand.",
        "Could",
        "you",
        "rephrase?"
      ]
    },
    {
      "mainsent": "Sorry, I didn’t quite get that.",
      "mapword": [
        "O",
        "O",
        "O",
        "O",
        "O",
        "O"
      ],
      "wordlist": [
        "Sorry,",
        "I",
        "didn’t",
        "quite",
        "get",
        "that."
      ]
    }
  ]
}